<?xml version="1.0" encoding="UTF-8"?>
  <!--Change texture from "Doors Expanded" to the one from ClutterDoors-->
<Patch>
<Operation Class="PatchOperationFindMod">
  <mods>
    <li>Doors Expanded</li>
  </mods>
  <match Class="PatchOperationSequence">
    <success>Always</success>
    <operations>
      <li Class="PatchOperationReplace">
        <xpath>Defs/DoorsExpanded.DoorExpandedDef[defName="PH_DoorDouble"]/graphicData/texPath</xpath>
        <value>
          <texPath>Things/Building/Door/DoubleDoor</texPath>
        </value>
      </li>
      <li Class="PatchOperationReplace">
        <xpath>Defs/DoorsExpanded.DoorExpandedDef[defName="PH_DoorDouble" or defName="PH_DoorTriple"]/graphicData/graphicClass</xpath>
        <value>
          <graphicClass>Graphic_Multi</graphicClass>
        </value>
      </li>
      <li Class="PatchOperationReplace">
        <xpath>Defs/DoorsExpanded.DoorExpandedDef[defName="PH_DoorDouble"]/uiIconPath</xpath>
        <value>
          <uiIconPath>Things/Building/Door/SimpleDoor_ico</uiIconPath>
        </value>
      </li>
      <li Class="PatchOperationReplace">
        <xpath>Defs/DoorsExpanded.DoorExpandedDef[defName="PH_DoorTriple"]/graphicData/texPath</xpath>
        <value>
          <texPath>Things/Building/Door/TripleDoor</texPath>
        </value>
      </li>
    </operations>
  </match>
</Operation>
</Patch>
