﻿<?xml version="1.0" encoding="UTF-8"?>
<Patch>
  <!--Dubs Hygiene personal preference settings-->
  <Operation Class="PatchOperationFindMod">
    <mods>
      <li>Dubs Bad Hygiene</li>
    </mods>
    <match Class="PatchOperationSequence">
      <success>Always</success>
      <operations>
        <li Class="PatchOperationReplace">
          <xpath>Defs/ThingDef[defName="ToiletStallDoor"]/graphicData/texPath</xpath>
          <value>
            <texPath>Things/Building/Door/StallDoorSimple</texPath>
          </value>
        </li>
        <li Class="PatchOperationReplace">
          <xpath>Defs/ThingDef[defName="ToiletStallDoor"]/graphicData/graphicClass</xpath>
          <value>
            <graphicClass>Graphic_Multi</graphicClass>
          </value>
        </li>
        <li Class="PatchOperationReplace">
          <xpath>Defs/ThingDef[defName="ToiletStallDoor"]/uiIconPath</xpath>
          <value>
            <uiIconPath>Things/Building/Door/StallDoorSimple_ico</uiIconPath>
          </value>
        </li>
      </operations>
    </match>
  </Operation>
</Patch>
